Column1;Column2;Column3;Column4;Column5;Column6;Column7;Column8;Column9;Column10;Column11;Column12;Column13;Column14;Column15
value1Row1;value2Row1;xP7^6*H;c#B2@Z;5mR&dV1Y;kQ8vXt6W;U+I3SjN;AahEoDz;GyOZLpM;KbfsiJn;CuwPqXe;VYzrTm@k
value1Row2;value2Row2;wX2p7u9jA;N6lP*0m^oF;vRyQ&3Hb%8;Oz1nTgWk;JdYcZI$Sf;eGhU@V;Xt*Lx@r;Ms5p9#q6
NfD#R&PxVlT;3I@qKrYdC;J*L5!aWmE9;h@y7GQX1l;2z6bPkFs;wS0u#fj$N;BnYlLcVZd4;Aa6e@Xit9G;U1H3ro8m;OqTxR@W
IhZbY7R*6k;uT@eEwH9FQ;P4GvqN^Df;5yXsCgj@eL;U#2m0rZoVl;K8p1$Bc7*A;3nJiWfHd6O;A@9Sx%yR;Mw@uLzQo;vPxNtY
G5Jw0kB2h6;7Hz@LvVFrNQ;T1uP$*z4p;M#dAxt9qk@Y;8XW!3Ry&j;I6@Uv%ZsS;C@Ql4EYf;NoDx@B2iPm;fYg1tOa@w;KuL7J9
U+Rd2*mjZG;Bt3sA@hvKg;4Ie8Pw%Vn;Qz7F5JH@Xs;0y9N1$S@kT;6DlL#YrbC;3i@uMxXtOv;GzRmKf4#Wp;eH6s7E1Jw;bn2tP5d
X!8OcS5YrB;KvH@lNItL6;P4sD^p7AoM;2B0k9RqjGf;W#uUyT5zPv;E6nXxOaC;JtFh@uZdL7;9G@oR$VijN;QsKlmycX3;W1Yr8I@e
A%k3iN5*Gt;fJ2WZnMsKx;vC#LyS4H^B;Xo9Qd#lhVn;0qF6@Pz7mJ;3gS2cDaR;uYV@b5iX;E$ItP4Me1;OwTtj8Lr;HfUxN*G
P^l;7W2*N6zD#Ck;B$f0F1uYnw;LqXrR!Jp@t;T#Z9vKeo5l;3yEh2dV4H;Ua7YxJjQG;I8Sb6@tOlc;V#kN1*MiWs;XuTmKo@r;9wgzLsY
n%l@z*FG6W;Uv@P0fa4Q3;Tt5RxK^M1;4b#hHcE%J;A7o&Nj@d;O8wXqSf2$Y;Dz9rL6e1B;uPp@iC#g3;GkIh@2mNs;Wl@5ZvR7
e#sMmVkC8L;fNj#JQr*2y;P4^Ov0sX;6A1#nRyIzH;7@WlB6Gd9;uZ3T$oNqF;S5RxP4v7Yj;D@U8IcK@1W;Lh9p@aTeB;X2mwG3oV
S4#2gD&zQj;K1nU!EwL5;B3iPcZ7f9;AqoXG0#WvN;Y6%jF5m*u8;T@u@hM4Lr;RvPxO1nJ#;D$Sd3@K2oG;9gY7TlzCe;I6sNwaUv